,survived,pclass,sex,age,sibsp,parch,fare,embarked,class,who,adult_male,deck,embark_town,alive,alone
0,0,3,male,22.00,1,0,7.25,S,Third,man,TRUE,,Southampton,no,FALSE
1,1,1,female,38.00,1,0,71.2833,C,First,woman,FALSE,C,Cherbourg,yes,FALSE
2,1,3,female,26.00,0,0,7.925,S,Third,woman,FALSE,,Southampton,yes,TRUE
3,1,1,female,35.00,1,0,53.1,S,First,woman,FALSE,C,Southampton,yes,FALSE
4,0,3,male,35.00,0,0,8.05,S,Third,man,TRUE,,Southampton,no,TRUE
5,0,3,male,,0,0,8.4583,Q,Third,man,TRUE,,Queenstown,no,TRUE
6,0,1,male,54.00,0,0,51.8625,S,First,man,TRUE,E,Southampton,no,TRUE
7,0,3,male,2.00,3,1,21.075,S,Third,child,FALSE,,Southampton,no,FALSE
8,1,3,female,27.00,0,2,11.1333,S,Third,woman,FALSE,,Southampton,yes,FALSE
9,1,2,female,14.00,1,0,30.0708,C,Second,child,FALSE,,Cherbourg,yes,FALSE
10,1,3,female,4.00,1,1,16.7,S,Third,child,FALSE,G,Southampton,yes,FALSE
11,1,1,female,58.00,0,0,26.55,S,First,woman,FALSE,C,Southampton,yes,TRUE
12,0,3,male,20.00,0,0,8.05,S,Third,man,TRUE,,Southampton,no,TRUE
13,0,3,male,39.00,1,5,31.275,S,Third,man,TRUE,,Southampton,no,FALSE
14,0,3,female,14.00,0,0,7.8542,S,Third,child,FALSE,,Southampton,no,TRUE
15,1,2,female,-55.00,0,0,16,S,Second,woman,FALSE,,Southampton,yes,TRUE
16,0,3,male,2.00,4,1,29.125,Q,Third,child,FALSE,,Queenstown,no,FALSE
17,1,2,male,,0,0,13,S,Second,man,TRUE,,Southampton,yes,TRUE
18,0,3,female,31.00,1,0,18,S,Third,woman,FALSE,,Southampton,no,FALSE
19,1,3,female,,0,0,7.225,C,Third,woman,FALSE,,Cherbourg,yes,TRUE
20,0,2,male,35.00,0,0,26,S,Second,man,TRUE,,Southampton,no,TRUE
21,1,2,male,34.00,0,0,13,S,Second,man,TRUE,D,Southampton,yes,TRUE
22,1,3,female,15.00,0,0,8.0292,Q,Third,child,FALSE,,Queenstown,yes,TRUE
23,1,1,male,28.00,0,0,35.5,S,First,man,TRUE,A,Southampton,yes,TRUE
24,0,3,female,8.00,3,1,21.075,S,Third,child,FALSE,,Southampton,no,FALSE
25,1,3,female,38.00,1,5,31.3875,S,Third,woman,FALSE,,Southampton,yes,FALSE
26,0,3,male,,0,0,7.225,C,Third,man,TRUE,,Cherbourg,no,TRUE
27,0,1,male,19.00,3,2,263,S,First,man,TRUE,C,Southampton,no,FALSE
28,1,3,female,,0,0,7.8792,Q,Third,woman,FALSE,,Queenstown,yes,TRUE
29,0,3,male,,0,0,7.8958,S,Third,man,TRUE,,Southampton,no,TRUE
30,0,1,male,40.00,0,0,27.7208,C,First,man,TRUE,,Cherbourg,no,TRUE
31,1,1,female,,1,0,146.5208,C,First,woman,FALSE,B,Cherbourg,yes,FALSE
32,1,3,female,,0,0,7.75,Q,Third,woman,FALSE,,Queenstown,yes,TRUE
33,0,2,male,66.00,0,0,10.5,S,Second,man,TRUE,,Southampton,no,TRUE
34,0,1,male,28.00,1,0,82.1708,C,First,man,TRUE,,Cherbourg,no,FALSE
35,0,1,male,42.00,1,0,52,S,First,man,TRUE,,Southampton,no,FALSE
36,1,3,male,,0,0,7.2292,C,Third,man,TRUE,,Cherbourg,yes,TRUE
37,0,3,male,21.00,0,0,8.05,S,Third,man,TRUE,,Southampton,no,TRUE
38,0,3,female,18.00,2,0,18,S,Third,woman,FALSE,,Southampton,no,FALSE
39,1,3,female,14.00,1,0,11.2417,C,Third,child,FALSE,,Cherbourg,yes,FALSE
40,0,3,female,40.00,1,0,9.475,S,Third,woman,FALSE,,Southampton,no,FALSE
41,0,2,female,27.00,1,0,21,S,Second,woman,FALSE,,Southampton,no,FALSE
42,0,3,male,,0,0,7.8958,C,Third,man,TRUE,,Cherbourg,no,TRUE
43,1,2,female,3.00,1,2,41.5792,C,Second,child,FALSE,,Cherbourg,yes,FALSE
44,1,3,female,19.00,0,0,7.8792,Q,Third,woman,FALSE,,Queenstown,yes,TRUE
45,0,3,male,,0,0,8.05,S,Third,man,TRUE,,Southampton,no,TRUE
46,0,3,male,,1,0,15.5,Q,Third,man,TRUE,,Queenstown,no,FALSE
47,1,3,female,,0,0,7.75,Q,Third,woman,FALSE,,Queenstown,yes,TRUE
48,0,3,male,,2,0,21.6792,C,Third,man,TRUE,,Cherbourg,no,FALSE
49,0,3,female,18.00,1,0,17.8,S,Third,woman,FALSE,,Southampton,no,FALSE
50,0,3,male,7.00,4,1,39.6875,S,Third,child,FALSE,,Southampton,no,FALSE
51,0,3,male,21.00,0,0,7.8,S,Third,man,TRUE,,Southampton,no,TRUE
52,1,1,female,49.00,1,0,76.7292,C,First,woman,FALSE,D,Cherbourg,yes,FALSE
53,1,2,female,29.00,1,0,26,S,Second,woman,FALSE,,Southampton,yes,FALSE
54,0,1,male,65.00,0,1,61.9792,C,First,man,TRUE,B,Cherbourg,no,FALSE
55,1,1,male,,0,0,35.5,S,First,man,TRUE,C,Southampton,yes,TRUE
56,1,2,female,21.00,0,0,10.5,S,Second,woman,FALSE,,Southampton,yes,TRUE
57,0,3,male,28.50,0,0,7.2292,C,Third,man,TRUE,,Cherbourg,no,TRUE
58,1,2,female,5.00,1,2,27.75,S,Second,child,FALSE,,Southampton,yes,FALSE
59,0,3,male,11.00,5,2,46.9,S,Third,child,FALSE,,Southampton,no,FALSE
60,0,3,male,22.00,0,0,7.2292,C,Third,man,TRUE,,Cherbourg,no,TRUE
61,1,1,female,38.00,0,0,80,,First,woman,FALSE,B,,yes,TRUE
62,0,1,male,45.00,1,0,83.475,S,First,man,TRUE,C,Southampton,no,FALSE
63,0,3,male,4.00,3,2,27.9,S,Third,child,FALSE,,Southampton,no,FALSE
64,0,1,male,,0,0,27.7208,C,First,man,TRUE,,Cherbourg,no,TRUE
65,1,3,male,,1,1,15.2458,C,Third,man,TRUE,,Cherbourg,yes,FALSE
66,1,2,female,29.00,0,0,10.5,S,Second,woman,FALSE,F,Southampton,yes,TRUE
67,0,3,male,19.00,0,0,8.1583,S,Third,man,TRUE,,Southampton,no,TRUE
68,1,3,female,-17.00,4,2,7.925,S,Third,woman,FALSE,,Southampton,yes,FALSE
69,0,3,male,26.00,2,0,8.6625,S,Third,man,TRUE,,Southampton,no,FALSE
70,0,2,male,32.00,0,0,10.5,S,Second,man,TRUE,,Southampton,no,TRUE
71,0,3,female,16.00,5,2,46.9,S,Third,woman,FALSE,,Southampton,no,FALSE
72,0,2,male,21.00,0,0,73.5,S,Second,man,TRUE,,Southampton,no,TRUE
73,0,3,male,26.00,1,0,14.4542,C,Third,man,TRUE,,Cherbourg,no,FALSE
74,1,3,male,32.00,0,0,56.4958,S,Third,man,TRUE,,Southampton,yes,TRUE
75,0,3,male,25.00,0,0,7.65,S,Third,man,TRUE,F,Southampton,no,TRUE
76,0,3,male,,0,0,7.8958,S,Third,man,TRUE,,Southampton,no,TRUE
77,0,3,male,,0,0,8.05,S,Third,man,TRUE,,Southampton,no,TRUE
78,1,2,male,0.83,0,2,29,S,Second,child,FALSE,,Southampton,yes,FALSE
79,1,3,female,30.00,0,0,12.475,S,Third,woman,FALSE,,Southampton,yes,TRUE
80,0,3,male,22.00,0,0,9,S,Third,man,TRUE,,Southampton,no,TRUE
81,1,3,male,29.00,0,0,9.5,S,Third,man,TRUE,,Southampton,yes,TRUE
82,1,3,female,,0,0,7.7875,Q,Third,woman,FALSE,,Queenstown,yes,TRUE
83,0,1,male,28.00,0,0,47.1,S,First,man,TRUE,,Southampton,no,TRUE
84,1,2,female,17.00,0,0,10.5,S,Second,woman,FALSE,,Southampton,yes,TRUE
85,1,3,female,33.00,3,0,15.85,S,Third,woman,FALSE,,Southampton,yes,FALSE
86,0,3,male,16.00,1,3,34.375,S,Third,man,TRUE,,Southampton,no,FALSE
87,0,3,male,,0,0,8.05,S,Third,man,TRUE,,Southampton,no,TRUE
88,1,1,female,23.00,3,2,263,S,First,woman,FALSE,C,Southampton,yes,FALSE
89,0,3,male,24.00,0,0,8.05,S,Third,man,TRUE,,Southampton,no,TRUE
90,0,3,male,29.00,0,0,8.05,S,Third,man,TRUE,,Southampton,no,TRUE
91,0,3,male,20.00,0,0,7.8542,S,Third,man,TRUE,,Southampton,no,TRUE
92,0,1,male,-46.00,1,0,61.175,S,First,man,TRUE,E,Southampton,no,FALSE
93,0,3,male,26.00,1,2,20.575,S,Third,man,TRUE,,Southampton,no,FALSE
94,0,3,male,59.00,0,0,7.25,S,Third,man,TRUE,,Southampton,no,TRUE
95,0,3,male,,0,0,8.05,S,Third,man,TRUE,,Southampton,no,TRUE
96,0,1,male,71.00,0,0,34.6542,C,First,man,TRUE,A,Cherbourg,no,TRUE
97,1,1,male,23.00,0,1,63.3583,C,First,man,TRUE,D,Cherbourg,yes,FALSE
98,1,2,female,34.00,0,1,23,S,Second,woman,FALSE,,Southampton,yes,FALSE
99,0,2,male,34.00,1,0,26,S,Second,man,TRUE,,Southampton,no,FALSE
100,0,3,female,28.00,0,0,7.8958,S,Third,woman,FALSE,,Southampton,no,TRUE
101,0,3,male,,0,0,7.8958,S,Third,man,TRUE,,Southampton,no,TRUE
102,0,1,male,21.00,0,1,77.2875,S,First,man,TRUE,D,Southampton,no,FALSE
103,0,3,male,33.00,0,0,8.6542,S,Third,man,TRUE,,Southampton,no,TRUE
104,0,3,male,37.00,2,0,7.925,S,Third,man,TRUE,,Southampton,no,FALSE
105,0,3,male,28.00,0,0,7.8958,S,Third,man,TRUE,,Southampton,no,TRUE
106,1,3,female,21.00,0,0,7.65,S,Third,woman,FALSE,,Southampton,yes,TRUE
107,1,3,male,,0,0,7.775,S,Third,man,TRUE,,Southampton,yes,TRUE
108,0,3,male,38.00,0,0,7.8958,S,Third,man,TRUE,,Southampton,no,TRUE
109,1,3,female,,1,0,24.15,Q,Third,woman,FALSE,,Queenstown,yes,FALSE
110,0,1,male,47.00,0,0,52,S,First,man,TRUE,C,Southampton,no,TRUE
111,0,3,female,14.50,1,0,14.4542,C,Third,child,FALSE,,Cherbourg,no,FALSE
112,0,3,male,22.00,0,0,8.05,S,Third,man,TRUE,,Southampton,no,TRUE
113,0,3,female,20.00,1,0,9.825,S,Third,woman,FALSE,,Southampton,no,FALSE
114,0,3,female,17.00,0,0,14.4583,C,Third,woman,FALSE,,Cherbourg,no,TRUE
115,0,3,male,21.00,0,0,7.925,S,Third,man,TRUE,,Southampton,no,TRUE
116,0,3,male,70.50,0,0,7.75,Q,Third,man,TRUE,,Queenstown,no,TRUE
117,0,2,male,29.00,1,0,21,S,Second,man,TRUE,,Southampton,no,FALSE
118,0,1,male,24.00,0,1,247.5208,C,First,man,TRUE,B,Cherbourg,no,FALSE
119,0,3,female,2.00,4,2,31.275,S,Third,child,FALSE,,Southampton,no,FALSE
120,0,2,male,21.00,2,0,73.5,S,Second,man,TRUE,,Southampton,no,FALSE
121,0,3,male,,0,0,8.05,S,Third,man,TRUE,,Southampton,no,TRUE
122,0,2,male,32.50,1,0,30.0708,C,Second,man,TRUE,,Cherbourg,no,FALSE
123,1,2,female,32.50,0,0,13,S,Second,woman,FALSE,E,Southampton,yes,TRUE
124,0,1,male,54.00,0,1,77.2875,S,First,man,TRUE,D,Southampton,no,FALSE
125,1,3,male,12.00,1,0,11.2417,C,Third,child,FALSE,,Cherbourg,yes,FALSE
126,0,3,male,,0,0,7.75,Q,Third,man,TRUE,,Queenstown,no,TRUE
127,1,3,male,24.00,0,0,7.1417,S,Third,man,TRUE,,Southampton,yes,TRUE
128,1,3,female,,1,1,22.3583,C,Third,woman,FALSE,F,Cherbourg,yes,FALSE
129,0,3,male,45.00,0,0,6.975,S,Third,man,TRUE,,Southampton,no,TRUE
130,0,3,male,33.00,0,0,7.8958,C,Third,man,TRUE,,Cherbourg,no,TRUE
131,0,3,male,20.00,0,0,7.05,S,Third,man,TRUE,,Southampton,no,TRUE
132,0,3,female,47.00,1,0,14.5,S,Third,woman,FALSE,,Southampton,no,FALSE
133,1,2,female,29.00,1,0,26,S,Second,woman,FALSE,,Southampton,yes,FALSE
134,0,2,male,25.00,0,0,13,S,Second,man,TRUE,,Southampton,no,TRUE
135,0,2,male,23.00,0,0,15.0458,C,Second,man,TRUE,,Cherbourg,no,TRUE
136,1,1,female,19.00,0,2,26.2833,S,First,woman,FALSE,D,Southampton,yes,FALSE
137,0,1,male,37.00,1,0,-53.1,S,First,man,TRUE,C,Southampton,no,FALSE
138,0,3,male,16.00,0,0,9.2167,S,Third,man,TRUE,,Southampton,no,TRUE
139,0,1,male,24.00,0,0,79.2,C,First,man,TRUE,B,Cherbourg,no,TRUE
140,0,3,female,,0,2,15.2458,C,Third,woman,FALSE,,Cherbourg,no,FALSE
141,1,3,female,22.00,0,0,7.75,S,Third,woman,FALSE,,Southampton,yes,TRUE
142,1,3,female,24.00,1,0,15.85,S,Third,woman,FALSE,,Southampton,yes,FALSE
143,0,3,male,19.00,0,0,6.75,Q,Third,man,TRUE,,Queenstown,no,TRUE
144,0,2,male,18.00,0,0,-11.5,S,Second,man,TRUE,,Southampton,no,TRUE
145,0,2,male,19.00,1,1,36.75,S,Second,man,TRUE,,Southampton,no,FALSE
146,1,3,male,27.00,0,0,7.7958,S,Third,man,TRUE,,Southampton,yes,TRUE
147,0,3,female,9.00,2,2,34.375,S,Third,child,FALSE,,Southampton,no,FALSE
148,0,2,male,36.50,0,2,26,S,Second,man,TRUE,F,Southampton,no,FALSE
149,0,2,male,42.00,0,0,13,S,Second,man,TRUE,,Southampton,no,TRUE
150,0,2,male,51.00,0,0,12.525,S,Second,man,TRUE,,Southampton,no,TRUE
151,1,1,female,22.00,1,0,66.6,S,First,woman,FALSE,C,Southampton,yes,FALSE
152,0,3,male,55.50,0,0,8.05,S,Third,man,TRUE,,Southampton,no,TRUE
153,0,3,male,40.50,0,2,14.5,S,Third,man,TRUE,,Southampton,no,FALSE
154,0,3,male,,0,0,7.3125,S,Third,man,TRUE,,Southampton,no,TRUE
155,0,1,male,51.00,0,1,61.3792,C,First,man,TRUE,,Cherbourg,no,FALSE
156,1,3,female,16.00,0,0,7.7333,Q,Third,woman,FALSE,,Queenstown,yes,TRUE
157,0,3,male,30.00,0,0,8.05,S,Third,man,TRUE,,Southampton,no,TRUE
158,0,3,male,,0,0,8.6625,S,Third,man,TRUE,,Southampton,no,TRUE
159,0,3,male,,8,2,69.55,S,Third,man,TRUE,,Southampton,no,FALSE
160,0,3,male,44.00,0,1,16.1,S,Third,man,TRUE,,Southampton,no,FALSE
161,1,2,female,40.00,0,0,15.75,S,Second,woman,FALSE,,Southampton,yes,TRUE
162,0,3,male,26.00,0,0,7.775,S,Third,man,TRUE,,Southampton,no,TRUE
163,0,3,male,17.00,0,0,8.6625,S,Third,man,TRUE,,Southampton,no,TRUE
164,0,3,male,1.00,4,1,39.6875,S,Third,child,FALSE,,Southampton,no,FALSE
165,1,3,male,9.00,0,2,20.525,S,Third,child,FALSE,,Southampton,yes,FALSE
166,1,1,female,,0,1,55,S,First,woman,FALSE,E,Southampton,yes,FALSE
167,0,3,female,45.00,1,4,27.9,S,Third,woman,FALSE,,Southampton,no,FALSE
168,0,1,male,,0,0,25.925,S,First,man,TRUE,,Southampton,no,TRUE
169,0,3,male,28.00,0,0,56.4958,S,Third,man,TRUE,,Southampton,no,TRUE
170,0,1,male,61.00,0,0,33.5,S,First,man,TRUE,B,Southampton,no,TRUE
171,0,3,male,4.00,4,1,29.125,Q,Third,child,FALSE,,Queenstown,no,FALSE
172,1,3,female,1.00,1,1,11.1333,S,Third,child,FALSE,,Southampton,yes,FALSE
173,0,3,male,-21.00,0,0,7.925,S,Third,man,TRUE,,Southampton,no,TRUE
174,0,1,male,56.00,0,0,30.6958,C,First,man,TRUE,A,Cherbourg,no,TRUE
175,0,3,male,18.00,1,1,7.8542,S,Third,man,TRUE,,Southampton,no,FALSE
176,0,3,male,,3,1,25.4667,S,Third,man,TRUE,,Southampton,no,FALSE
177,0,1,female,50.00,0,0,28.7125,C,First,woman,FALSE,C,Cherbourg,no,TRUE
178,0,2,male,30.00,0,0,13,S,Second,man,TRUE,,Southampton,no,TRUE
179,0,3,male,36.00,0,0,0,S,Third,man,TRUE,,Southampton,no,TRUE
180,0,3,female,,8,2,69.55,S,Third,woman,FALSE,,Southampton,no,FALSE
181,0,2,male,,0,0,15.05,C,Second,man,TRUE,,Cherbourg,no,TRUE
182,0,3,male,9.00,4,2,31.3875,S,Third,child,FALSE,,Southampton,no,FALSE
183,1,2,male,1.00,2,1,39,S,Second,child,FALSE,F,Southampton,yes,FALSE
184,1,3,female,4.00,0,2,22.025,S,Third,child,FALSE,,Southampton,yes,FALSE
185,0,1,male,,0,0,50,S,First,man,TRUE,A,Southampton,no,TRUE
186,1,3,female,,1,0,15.5,Q,Third,woman,FALSE,,Queenstown,yes,FALSE
187,1,1,male,45.00,0,0,26.55,S,First,man,TRUE,,Southampton,yes,TRUE
188,0,3,male,40.00,1,1,15.5,Q,Third,man,TRUE,,Queenstown,no,FALSE
189,0,3,male,36.00,0,0,7.8958,S,Third,man,TRUE,,Southampton,no,TRUE
190,1,2,female,32.00,0,0,13,S,Second,woman,FALSE,,Southampton,yes,TRUE
191,0,2,male,19.00,0,0,13,S,Second,man,TRUE,,Southampton,no,TRUE
192,1,3,female,19.00,1,0,7.8542,S,Third,woman,FALSE,,Southampton,yes,FALSE
193,1,2,male,3.00,1,1,26,S,Second,child,FALSE,F,Southampton,yes,FALSE
194,1,1,female,44.00,0,0,27.7208,C,First,woman,FALSE,B,Cherbourg,yes,TRUE
195,1,1,female,58.00,0,0,146.5208,C,First,woman,FALSE,B,Cherbourg,yes,TRUE
196,0,3,male,,0,0,7.75,Q,Third,man,TRUE,,Queenstown,no,TRUE
197,0,3,male,42.00,0,1,8.4042,S,Third,man,TRUE,,Southampton,no,FALSE
198,1,3,female,,0,0,7.75,Q,Third,woman,FALSE,,Queenstown,yes,TRUE
199,0,2,female,24.00,0,0,13,S,Second,woman,FALSE,,Southampton,no,TRUE
200,0,3,male,28.00,0,0,9.5,S,Third,man,TRUE,,Southampton,no,TRUE
201,0,3,male,,8,2,69.55,S,Third,man,TRUE,,Southampton,no,FALSE
202,0,3,male,34.00,0,0,6.4958,S,Third,man,TRUE,,Southampton,no,TRUE
203,0,3,male,45.50,0,0,7.225,C,Third,man,TRUE,,Cherbourg,no,TRUE
204,1,3,male,18.00,0,0,8.05,S,Third,man,TRUE,,Southampton,yes,TRUE
205,0,3,female,2.00,0,1,10.4625,S,Third,child,FALSE,G,Southampton,no,FALSE
206,0,3,male,32.00,1,0,15.85,S,Third,man,TRUE,,Southampton,no,FALSE
207,1,3,male,26.00,0,0,18.7875,C,Third,man,TRUE,,Cherbourg,yes,TRUE
208,1,3,female,16.00,0,0,7.75,Q,Third,woman,FALSE,,Queenstown,yes,TRUE
209,1,1,male,40.00,0,0,31,C,First,man,TRUE,A,Cherbourg,yes,TRUE
210,0,3,male,24.00,0,0,7.05,S,Third,man,TRUE,,Southampton,no,TRUE
211,1,2,female,35.00,0,0,21,S,Second,woman,FALSE,,Southampton,yes,TRUE
212,0,3,male,22.00,0,0,7.25,S,Third,man,TRUE,,Southampton,no,TRUE
213,0,2,male,30.00,0,0,13,S,Second,man,TRUE,,Southampton,no,TRUE
214,0,3,male,,1,0,7.75,Q,Third,man,TRUE,,Queenstown,no,FALSE
215,1,1,female,31.00,1,0,113.275,C,First,woman,FALSE,D,Cherbourg,yes,FALSE
216,1,3,female,27.00,0,0,7.925,S,Third,woman,FALSE,,Southampton,yes,TRUE
217,0,2,male,42.00,1,0,27,S,Second,man,TRUE,,Southampton,no,FALSE
218,1,1,female,32.00,0,0,76.2917,C,First,woman,FALSE,D,Cherbourg,yes,TRUE
219,0,2,male,30.00,0,0,10.5,S,Second,man,TRUE,,Southampton,no,TRUE
220,1,3,male,16.00,0,0,8.05,S,Third,man,TRUE,,Southampton,yes,TRUE
221,0,2,male,27.00,0,0,13,S,Second,man,TRUE,,Southampton,no,TRUE
222,0,3,male,51.00,0,0,8.05,S,Third,man,TRUE,,Southampton,no,TRUE
223,0,3,male,,0,0,7.8958,S,Third,man,TRUE,,Southampton,no,TRUE
224,1,1,male,38.00,1,0,90,S,First,man,TRUE,C,Southampton,yes,FALSE
225,0,3,male,22.00,0,0,9.35,S,Third,man,TRUE,,Southampton,no,TRUE
226,1,2,male,19.00,0,0,10.5,S,Second,man,TRUE,,Southampton,yes,TRUE
227,0,3,male,20.50,0,0,7.25,S,Third,man,TRUE,,Southampton,no,TRUE
228,0,2,male,18.00,0,0,13,S,Second,man,TRUE,,Southampton,no,TRUE
229,0,3,female,,3,1,25.4667,S,Third,woman,FALSE,,Southampton,no,FALSE
230,1,1,female,35.00,1,0,83.475,S,First,woman,FALSE,C,Southampton,yes,FALSE
231,0,3,male,29.00,0,0,7.775,S,Third,man,TRUE,,Southampton,no,TRUE
232,0,2,male,59.00,0,0,13.5,S,Second,man,TRUE,,Southampton,no,TRUE
233,1,3,female,5.00,4,2,31.3875,S,Third,child,FALSE,,Southampton,yes,FALSE
234,0,2,male,24.00,0,0,10.5,S,Second,man,TRUE,,Southampton,no,TRUE
235,0,3,female,,0,0,7.55,S,Third,woman,FALSE,,Southampton,no,TRUE
236,0,2,male,44.00,1,0,26,S,Second,man,TRUE,,Southampton,no,FALSE
237,1,2,female,8.00,0,2,26.25,S,Second,child,FALSE,,Southampton,yes,FALSE
238,0,2,male,19.00,0,0,10.5,S,Second,man,TRUE,,Southampton,no,TRUE
239,0,2,male,33.00,0,0,12.275,S,Second,man,TRUE,,Southampton,no,TRUE
240,0,3,female,,1,0,14.4542,C,Third,woman,FALSE,,Cherbourg,no,FALSE
241,1,3,female,,1,0,15.5,Q,Third,woman,FALSE,,Queenstown,yes,FALSE
242,0,2,male,29.00,0,0,10.5,S,Second,man,TRUE,,Southampton,no,TRUE
243,0,3,male,22.00,0,0,7.125,S,Third,man,TRUE,,Southampton,no,TRUE
244,0,3,male,30.00,0,0,7.225,C,Third,man,TRUE,,Cherbourg,no,TRUE
245,0,1,male,44.00,2,0,90,Q,First,man,TRUE,C,Queenstown,no,FALSE
246,0,3,female,25.00,0,0,7.775,S,Third,woman,FALSE,,Southampton,no,TRUE
247,1,2,female,24.00,0,2,14.5,S,Second,woman,FALSE,,Southampton,yes,FALSE
248,1,1,male,37.00,1,1,52.5542,S,First,man,TRUE,D,Southampton,yes,FALSE
249,0,2,male,54.00,1,0,26,S,Second,man,TRUE,,Southampton,no,FALSE
250,0,3,male,,0,0,7.25,S,Third,man,TRUE,,Southampton,no,TRUE
251,0,3,female,29.00,1,1,10.4625,S,Third,woman,FALSE,G,Southampton,no,FALSE
252,0,1,male,62.00,0,0,26.55,S,First,man,TRUE,C,Southampton,no,TRUE
253,0,3,male,30.00,1,0,16.1,S,Third,man,TRUE,,Southampton,no,FALSE
254,0,3,female,41.00,0,2,20.2125,S,Third,woman,FALSE,,Southampton,no,FALSE
255,1,3,female,29.00,0,2,15.2458,C,Third,woman,FALSE,,Cherbourg,yes,FALSE
256,1,1,female,,0,0,79.2,C,First,woman,FALSE,,Cherbourg,yes,TRUE
257,1,1,female,30.00,0,0,86.5,S,First,woman,FALSE,B,Southampton,yes,TRUE
258,1,1,female,35.00,0,0,512.3292,C,First,woman,FALSE,,Cherbourg,yes,TRUE
259,1,2,female,50.00,0,1,26,S,Second,woman,FALSE,,Southampton,yes,FALSE
260,0,3,male,,0,0,7.75,Q,Third,man,TRUE,,Queenstown,no,TRUE
261,1,3,male,3.00,4,2,31.3875,S,Third,child,FALSE,,Southampton,yes,FALSE
262,0,1,male,52.00,1,1,79.65,S,First,man,TRUE,E,Southampton,no,FALSE
263,0,1,male,40.00,0,0,0,S,First,man,TRUE,B,Southampton,no,TRUE
264,0,3,female,,0,0,7.75,Q,Third,woman,FALSE,,Queenstown,no,TRUE
265,0,2,male,36.00,0,0,10.5,S,Second,man,TRUE,,Southampton,no,TRUE
266,0,3,male,16.00,4,1,39.6875,S,Third,man,TRUE,,Southampton,no,FALSE
267,1,3,male,25.00,1,0,7.775,S,Third,man,TRUE,,Southampton,yes,FALSE
268,1,1,female,58.00,0,1,153.4625,S,First,woman,FALSE,C,Southampton,yes,FALSE
269,1,1,female,35.00,0,0,135.6333,S,First,woman,FALSE,C,Southampton,yes,TRUE
270,0,1,male,,0,0,31,S,First,man,TRUE,,Southampton,no,TRUE
271,1,3,male,25.00,0,0,0,S,Third,man,TRUE,,Southampton,yes,TRUE
272,1,2,female,41.00,0,1,19.5,S,Second,woman,FALSE,,Southampton,yes,FALSE
273,1,2,female,41.00,0,1,19.5,S,Second,woman,FALSE,,Southampton,yes,FALSE
274,0,1,male,37.00,0,1,29.7,C,First,man,TRUE,C,Cherbourg,no,FALSE
275,1,3,female,,0,0,7.75,Q,Third,woman,FALSE,,Queenstown,yes,TRUE
276,1,1,female,63.00,1,0,77.9583,S,First,woman,FALSE,D,Southampton,yes,FALSE
277,0,3,female,45.00,0,0,7.75,S,Third,woman,FALSE,,Southampton,no,TRUE
278,0,2,male,,0,0,0,S,Second,man,TRUE,,Southampton,no,TRUE
279,0,3,male,7.00,4,1,29.125,Q,Third,child,FALSE,,Queenstown,no,FALSE
280,1,3,female,35.00,1,1,20.25,S,Third,woman,FALSE,,Southampton,yes,FALSE
281,0,3,male,65.00,0,0,7.75,Q,Third,man,TRUE,,Queenstown,no,TRUE
282,0,3,male,28.00,0,0,7.8542,S,Third,man,TRUE,,Southampton,no,TRUE
283,0,3,male,16.00,0,0,9.5,S,Third,man,TRUE,,Southampton,no,TRUE
284,1,3,male,19.00,0,0,8.05,S,Third,man,TRUE,,Southampton,yes,TRUE
285,0,1,male,,0,0,26,S,First,man,TRUE,A,Southampton,no,TRUE
286,0,3,male,33.00,0,0,8.6625,C,Third,man,TRUE,,Cherbourg,no,TRUE
287,1,3,male,30.00,0,0,9.5,S,Third,man,TRUE,,Southampton,yes,TRUE
288,0,3,male,22.00,0,0,7.8958,S,Third,man,TRUE,,Southampton,no,TRUE
289,1,2,male,42.00,0,0,13,S,Second,man,TRUE,,Southampton,yes,TRUE
290,1,3,female,22.00,0,0,7.75,Q,Third,woman,FALSE,,Queenstown,yes,TRUE
291,1,1,female,26.00,0,0,78.85,S,First,woman,FALSE,,Southampton,yes,TRUE
292,1,1,female,19.00,1,0,91.0792,C,First,woman,FALSE,B,Cherbourg,yes,FALSE
293,0,2,male,36.00,0,0,12.875,C,Second,man,TRUE,D,Cherbourg,no,TRUE
294,0,3,female,24.00,0,0,8.85,S,Third,woman,FALSE,,Southampton,no,TRUE
295,0,3,male,24.00,0,0,7.8958,S,Third,man,TRUE,,Southampton,no,TRUE
296,0,1,male,,0,0,27.7208,C,First,man,TRUE,,Cherbourg,no,TRUE
297,0,3,male,23.50,0,0,7.2292,C,Third,man,TRUE,,Cherbourg,no,TRUE
298,0,1,female,2.00,1,2,151.55,S,First,child,FALSE,C,Southampton,no,FALSE
299,1,1,male,,0,0,30.5,S,First,man,TRUE,C,Southampton,yes,TRUE
300,1,1,female,50.00,0,1,247.5208,C,First,woman,FALSE,B,Cherbourg,yes,FALSE
301,1,3,female,,0,0,7.75,Q,Third,woman,FALSE,,Queenstown,yes,TRUE
302,1,3,male,,2,0,23.25,Q,Third,man,TRUE,,Queenstown,yes,FALSE
303,0,3,male,19.00,0,0,0,S,Third,man,TRUE,,Southampton,no,TRUE
304,1,2,female,,0,0,12.35,Q,Second,woman,FALSE,E,Queenstown,yes,TRUE
305,0,3,male,,0,0,8.05,S,Third,man,TRUE,,Southampton,no,TRUE
306,1,1,male,0.92,1,2,151.55,S,First,child,FALSE,C,Southampton,yes,FALSE
307,1,1,female,,0,0,110.8833,C,First,woman,FALSE,,Cherbourg,yes,TRUE
308,1,1,female,17.00,1,0,108.9,C,First,woman,FALSE,C,Cherbourg,yes,FALSE
309,0,2,male,30.00,1,0,24,C,Second,man,TRUE,,Cherbourg,no,FALSE
310,1,1,female,30.00,0,0,56.9292,C,First,woman,FALSE,E,Cherbourg,yes,TRUE
311,1,1,female,24.00,0,0,83.1583,C,First,woman,FALSE,C,Cherbourg,yes,TRUE
312,1,1,female,18.00,2,2,262.375,C,First,woman,FALSE,B,Cherbourg,yes,FALSE
313,0,2,female,26.00,1,1,26,S,Second,woman,FALSE,,Southampton,no,FALSE
314,0,3,male,28.00,0,0,7.8958,S,Third,man,TRUE,,Southampton,no,TRUE
315,0,2,male,43.00,1,1,26.25,S,Second,man,TRUE,,Southampton,no,FALSE
316,1,3,female,26.00,0,0,7.8542,S,Third,woman,FALSE,,Southampton,yes,TRUE
317,1,2,female,24.00,1,0,26,S,Second,woman,FALSE,,Southampton,yes,FALSE
318,0,2,male,54.00,0,0,14,S,Second,man,TRUE,,Southampton,no,TRUE
319,1,1,female,31.00,0,2,164.8667,S,First,woman,FALSE,C,Southampton,yes,FALSE
320,1,1,female,40.00,1,1,134.5,C,First,woman,FALSE,E,Cherbourg,yes,FALSE
321,0,3,male,22.00,0,0,7.25,S,Third,man,TRUE,,Southampton,no,TRUE
322,0,3,male,27.00,0,0,7.8958,S,Third,man,TRUE,,Southampton,no,TRUE
323,1,2,female,30.00,0,0,12.35,Q,Second,woman,FALSE,,Queenstown,yes,TRUE
324,1,2,female,22.00,1,1,29,S,Second,woman,FALSE,,Southampton,yes,FALSE
325,0,3,male,,8,2,69.55,S,Third,man,TRUE,,Southampton,no,FALSE
326,1,1,female,36.00,0,0,135.6333,C,First,woman,FALSE,C,Cherbourg,yes,TRUE
327,0,3,male,61.00,0,0,6.2375,S,Third,man,TRUE,,Southampton,no,TRUE
328,1,2,female,36.00,0,0,13,S,Second,woman,FALSE,D,Southampton,yes,TRUE
329,1,3,female,31.00,1,1,20.525,S,Third,woman,FALSE,,Southampton,yes,FALSE
330,1,1,female,16.00,0,1,57.9792,C,First,woman,FALSE,B,Cherbourg,yes,FALSE
331,1,3,female,,2,0,23.25,Q,Third,woman,FALSE,,Queenstown,yes,FALSE
332,0,1,male,45.50,0,0,28.5,S,First,man,TRUE,C,Southampton,no,TRUE
333,0,1,male,38.00,0,1,153.4625,S,First,man,TRUE,C,Southampton,no,FALSE
334,0,3,male,16.00,2,0,18,S,Third,man,TRUE,,Southampton,no,FALSE
335,1,1,female,,1,0,133.65,S,First,woman,FALSE,,Southampton,yes,FALSE
336,0,3,male,,0,0,7.8958,S,Third,man,TRUE,,Southampton,no,TRUE
337,0,1,male,29.00,1,0,66.6,S,First,man,TRUE,C,Southampton,no,FALSE
338,1,1,female,41.00,0,0,134.5,C,First,woman,FALSE,E,Cherbourg,yes,TRUE
339,1,3,male,45.00,0,0,8.05,S,Third,man,TRUE,,Southampton,yes,TRUE
340,0,1,male,45.00,0,0,35.5,S,First,man,TRUE,,Southampton,no,TRUE
341,1,2,male,2.00,1,1,26,S,Second,child,FALSE,F,Southampton,yes,FALSE
342,1,1,female,24.00,3,2,263,S,First,woman,FALSE,C,Southampton,yes,FALSE
343,0,2,male,28.00,0,0,13,S,Second,man,TRUE,,Southampton,no,TRUE
344,0,2,male,25.00,0,0,13,S,Second,man,TRUE,,Southampton,no,TRUE
345,0,2,male,36.00,0,0,13,S,Second,man,TRUE,,Southampton,no,TRUE
346,1,2,female,24.00,0,0,13,S,Second,woman,FALSE,F,Southampton,yes,TRUE
347,1,2,female,40.00,0,0,13,S,Second,woman,FALSE,,Southampton,yes,TRUE
348,1,3,female,,1,0,16.1,S,Third,woman,FALSE,,Southampton,yes,FALSE
349,1,3,male,3.00,1,1,15.9,S,Third,child,FALSE,,Southampton,yes,FALSE
350,0,3,male,42.00,0,0,8.6625,S,Third,man,TRUE,,Southampton,no,TRUE
351,0,3,male,23.00,0,0,9.225,S,Third,man,TRUE,,Southampton,no,TRUE
352,0,1,male,,0,0,35,S,First,man,TRUE,C,Southampton,no,TRUE
353,0,3,male,15.00,1,1,7.2292,C,Third,child,FALSE,,Cherbourg,no,FALSE
354,0,3,male,25.00,1,0,17.8,S,Third,man,TRUE,,Southampton,no,FALSE
355,0,3,male,,0,0,7.225,C,Third,man,TRUE,,Cherbourg,no,TRUE
356,0,3,male,28.00,0,0,9.5,S,Third,man,TRUE,,Southampton,no,TRUE
357,1,1,female,22.00,0,1,55,S,First,woman,FALSE,E,Southampton,yes,FALSE
358,0,2,female,38.00,0,0,13,S,Second,woman,FALSE,,Southampton,no,TRUE
359,1,3,female,,0,0,7.8792,Q,Third,woman,FALSE,,Queenstown,yes,TRUE
360,1,3,female,,0,0,7.8792,Q,Third,woman,FALSE,,Queenstown,yes,TRUE
361,0,3,male,40.00,1,4,27.9,S,Third,man,TRUE,,Southampton,no,FALSE
362,0,2,male,29.00,1,0,27.7208,C,Second,man,TRUE,,Cherbourg,no,FALSE
363,0,3,female,45.00,0,1,14.4542,C,Third,woman,FALSE,,Cherbourg,no,FALSE
364,0,3,male,35.00,0,0,7.05,S,Third,man,TRUE,,Southampton,no,TRUE
365,0,3,male,,1,0,15.5,Q,Third,man,TRUE,,Queenstown,no,FALSE
366,0,3,male,30.00,0,0,7.25,S,Third,man,TRUE,,Southampton,no,TRUE
367,1,1,female,60.00,1,0,75.25,C,First,woman,FALSE,D,Cherbourg,yes,FALSE
368,1,3,female,,0,0,7.2292,C,Third,woman,FALSE,,Cherbourg,yes,TRUE
369,1,3,female,,0,0,7.75,Q,Third,woman,FALSE,,Queenstown,yes,TRUE
370,1,1,female,24.00,0,0,69.3,C,First,woman,FALSE,B,Cherbourg,yes,TRUE
371,1,1,male,25.00,1,0,55.4417,C,First,man,TRUE,E,Cherbourg,yes,FALSE
372,0,3,male,18.00,1,0,6.4958,S,Third,man,TRUE,,Southampton,no,FALSE
373,0,3,male,19.00,0,0,8.05,S,Third,man,TRUE,,Southampton,no,TRUE
374,0,1,male,22.00,0,0,135.6333,C,First,man,TRUE,,Cherbourg,no,TRUE
375,0,3,female,3.00,3,1,21.075,S,Third,child,FALSE,,Southampton,no,FALSE
376,1,1,female,,1,0,82.1708,C,First,woman,FALSE,,Cherbourg,yes,FALSE
377,1,3,female,22.00,0,0,7.25,S,Third,woman,FALSE,,Southampton,yes,TRUE
378,0,1,male,27.00,0,2,211.5,C,First,man,TRUE,C,Cherbourg,no,FALSE
379,0,3,male,20.00,0,0,4.0125,C,Third,man,TRUE,,Cherbourg,no,TRUE
380,0,3,male,19.00,0,0,7.775,S,Third,man,TRUE,,Southampton,no,TRUE
381,1,1,female,42.00,0,0,227.525,C,First,woman,FALSE,,Cherbourg,yes,TRUE
382,1,3,female,1.00,0,2,15.7417,C,Third,child,FALSE,,Cherbourg,yes,FALSE
383,0,3,male,32.00,0,0,7.925,S,Third,man,TRUE,,Southampton,no,TRUE
384,1,1,female,35.00,1,0,52,S,First,woman,FALSE,,Southampton,yes,FALSE
385,0,3,male,,0,0,7.8958,S,Third,man,TRUE,,Southampton,no,TRUE
386,0,2,male,18.00,0,0,73.5,S,Second,man,TRUE,,Southampton,no,TRUE
387,0,3,male,1.00,5,2,46.9,S,Third,child,FALSE,,Southampton,no,FALSE
388,1,2,female,36.00,0,0,13,S,Second,woman,FALSE,,Southampton,yes,TRUE
389,0,3,male,,0,0,7.7292,Q,Third,man,TRUE,,Queenstown,no,TRUE
390,1,2,female,17.00,0,0,12,C,Second,woman,FALSE,,Cherbourg,yes,TRUE
391,1,1,male,36.00,1,2,120,S,First,man,TRUE,B,Southampton,yes,FALSE
392,1,3,male,21.00,0,0,7.7958,S,Third,man,TRUE,,Southampton,yes,TRUE
393,0,3,male,28.00,2,0,7.925,S,Third,man,TRUE,,Southampton,no,FALSE
394,1,1,female,23.00,1,0,113.275,C,First,woman,FALSE,D,Cherbourg,yes,FALSE
395,1,3,female,24.00,0,2,16.7,S,Third,woman,FALSE,G,Southampton,yes,FALSE
396,0,3,male,22.00,0,0,7.7958,S,Third,man,TRUE,,Southampton,no,TRUE
397,0,3,female,31.00,0,0,7.8542,S,Third,woman,FALSE,,Southampton,no,TRUE
398,0,2,male,46.00,0,0,26,S,Second,man,TRUE,,Southampton,no,TRUE
399,0,2,male,23.00,0,0,10.5,S,Second,man,TRUE,,Southampton,no,TRUE
400,1,2,female,28.00,0,0,12.65,S,Second,woman,FALSE,,Southampton,yes,TRUE
401,1,3,male,39.00,0,0,7.925,S,Third,man,TRUE,,Southampton,yes,TRUE
402,0,3,male,26.00,0,0,8.05,S,Third,man,TRUE,,Southampton,no,TRUE
403,0,3,female,21.00,1,0,9.825,S,Third,woman,FALSE,,Southampton,no,FALSE
404,0,3,male,28.00,1,0,15.85,S,Third,man,TRUE,,Southampton,no,FALSE
405,0,3,female,20.00,0,0,8.6625,S,Third,woman,FALSE,,Southampton,no,TRUE
406,0,2,male,34.00,1,0,21,S,Second,man,TRUE,,Southampton,no,FALSE
407,0,3,male,51.00,0,0,7.75,S,Third,man,TRUE,,Southampton,no,TRUE
408,1,2,male,3.00,1,1,18.75,S,Second,child,FALSE,,Southampton,yes,FALSE
409,0,3,male,21.00,0,0,7.775,S,Third,man,TRUE,,Southampton,no,TRUE
410,0,3,female,,3,1,25.4667,S,Third,woman,FALSE,,Southampton,no,FALSE
411,0,3,male,,0,0,7.8958,S,Third,man,TRUE,,Southampton,no,TRUE
412,0,3,male,,0,0,6.8583,Q,Third,man,TRUE,,Queenstown,no,TRUE
413,1,1,female,33.00,1,0,90,Q,First,woman,FALSE,C,Queenstown,yes,FALSE
414,0,2,male,,0,0,0,S,Second,man,TRUE,,Southampton,no,TRUE
415,1,3,male,44.00,0,0,7.925,S,Third,man,TRUE,,Southampton,yes,TRUE
416,0,3,female,,0,0,8.05,S,Third,woman,FALSE,,Southampton,no,TRUE
417,1,2,female,34.00,1,1,32.5,S,Second,woman,FALSE,,Southampton,yes,FALSE
418,1,2,female,18.00,0,2,13,S,Second,woman,FALSE,,Southampton,yes,FALSE
419,0,2,male,30.00,0,0,13,S,Second,man,TRUE,,Southampton,no,TRUE
420,0,3,female,10.00,0,2,24.15,S,Third,child,FALSE,,Southampton,no,FALSE
421,0,3,male,,0,0,7.8958,C,Third,man,TRUE,,Cherbourg,no,TRUE
422,0,3,male,21.00,0,0,7.7333,Q,Third,man,TRUE,,Queenstown,no,TRUE
423,0,3,male,29.00,0,0,7.875,S,Third,man,TRUE,,Southampton,no,TRUE
424,0,3,female,28.00,1,1,14.4,S,Third,woman,FALSE,,Southampton,no,FALSE
425,0,3,male,18.00,1,1,20.2125,S,Third,man,TRUE,,Southampton,no,FALSE
426,0,3,male,,0,0,7.25,S,Third,man,TRUE,,Southampton,no,TRUE
427,1,2,female,28.00,1,0,26,S,Second,woman,FALSE,,Southampton,yes,FALSE
428,1,2,female,19.00,0,0,26,S,Second,woman,FALSE,,Southampton,yes,TRUE
429,0,3,male,,0,0,7.75,Q,Third,man,TRUE,,Queenstown,no,TRUE
430,1,3,male,32.00,0,0,8.05,S,Third,man,TRUE,E,Southampton,yes,TRUE
431,1,1,male,28.00,0,0,26.55,S,First,man,TRUE,C,Southampton,yes,TRUE
432,1,3,female,,1,0,16.1,S,Third,woman,FALSE,,Southampton,yes,FALSE
433,1,2,female,42.00,1,0,26,S,Second,woman,FALSE,,Southampton,yes,FALSE
434,0,3,male,17.00,0,0,7.125,S,Third,man,TRUE,,Southampton,no,TRUE
435,0,1,male,50.00,1,0,55.9,S,First,man,TRUE,E,Southampton,no,FALSE
436,1,1,female,14.00,1,2,120,S,First,child,FALSE,B,Southampton,yes,FALSE
437,0,3,female,21.00,2,2,34.375,S,Third,woman,FALSE,,Southampton,no,FALSE
438,1,2,female,24.00,2,3,18.75,S,Second,woman,FALSE,,Southampton,yes,FALSE
439,0,1,male,64.00,1,4,263,S,First,man,TRUE,C,Southampton,no,FALSE
440,0,2,male,31.00,0,0,10.5,S,Second,man,TRUE,,Southampton,no,TRUE
441,1,2,female,45.00,1,1,26.25,S,Second,woman,FALSE,,Southampton,yes,FALSE
442,0,3,male,20.00,0,0,9.5,S,Third,man,TRUE,,Southampton,no,TRUE
443,0,3,male,25.00,1,0,7.775,S,Third,man,TRUE,,Southampton,no,FALSE
444,1,2,female,28.00,0,0,13,S,Second,woman,FALSE,,Southampton,yes,TRUE
445,1,3,male,,0,0,8.1125,S,Third,man,TRUE,,Southampton,yes,TRUE
446,1,1,male,4.00,0,2,81.8583,S,First,child,FALSE,A,Southampton,yes,FALSE
447,1,2,female,13.00,0,1,19.5,S,Second,child,FALSE,,Southampton,yes,FALSE
448,1,1,male,34.00,0,0,26.55,S,First,man,TRUE,,Southampton,yes,TRUE
449,1,3,female,5.00,2,1,19.2583,C,Third,child,FALSE,,Cherbourg,yes,FALSE
450,1,1,male,52.00,0,0,30.5,S,First,man,TRUE,C,Southampton,yes,TRUE
451,0,2,male,36.00,1,2,27.75,S,Second,man,TRUE,,Southampton,no,FALSE
452,0,3,male,,1,0,19.9667,S,Third,man,TRUE,,Southampton,no,FALSE
453,0,1,male,30.00,0,0,27.75,C,First,man,TRUE,C,Cherbourg,no,TRUE
454,1,1,male,49.00,1,0,89.1042,C,First,man,TRUE,C,Cherbourg,yes,FALSE
455,0,3,male,,0,0,8.05,S,Third,man,TRUE,,Southampton,no,TRUE
456,1,3,male,29.00,0,0,7.8958,C,Third,man,TRUE,,Cherbourg,yes,TRUE
457,0,1,male,65.00,0,0,26.55,S,First,man,TRUE,E,Southampton,no,TRUE
458,1,1,female,,1,0,51.8625,S,First,woman,FALSE,D,Southampton,yes,FALSE
459,1,2,female,50.00,0,0,10.5,S,Second,woman,FALSE,,Southampton,yes,TRUE
460,0,3,male,,0,0,7.75,Q,Third,man,TRUE,,Queenstown,no,TRUE
461,1,1,male,48.00,0,0,26.55,S,First,man,TRUE,E,Southampton,yes,TRUE
462,0,3,male,34.00,0,0,8.05,S,Third,man,TRUE,,Southampton,no,TRUE
463,0,1,male,47.00,0,0,38.5,S,First,man,TRUE,E,Southampton,no,TRUE
464,0,2,male,48.00,0,0,13,S,Second,man,TRUE,,Southampton,no,TRUE
465,0,3,male,,0,0,8.05,S,Third,man,TRUE,,Southampton,no,TRUE
466,0,3,male,38.00,0,0,7.05,S,Third,man,TRUE,,Southampton,no,TRUE
467,0,2,male,,0,0,0,S,Second,man,TRUE,,Southampton,no,TRUE
468,0,1,male,56.00,0,0,26.55,S,First,man,TRUE,,Southampton,no,TRUE
469,0,3,male,,0,0,7.725,Q,Third,man,TRUE,,Queenstown,no,TRUE
470,1,3,female,0.75,2,1,19.2583,C,Third,child,FALSE,,Cherbourg,yes,FALSE
471,0,3,male,,0,0,7.25,S,Third,man,TRUE,,Southampton,no,TRUE
472,0,3,male,38.00,0,0,8.6625,S,Third,man,TRUE,,Southampton,no,TRUE
473,1,2,female,33.00,1,2,27.75,S,Second,woman,FALSE,,Southampton,yes,FALSE
474,1,2,female,23.00,0,0,13.7917,C,Second,woman,FALSE,D,Cherbourg,yes,TRUE
475,0,3,female,22.00,0,0,9.8375,S,Third,woman,FALSE,,Southampton,no,TRUE
476,0,1,male,,0,0,52,S,First,man,TRUE,A,Southampton,no,TRUE
477,0,2,male,34.00,1,0,21,S,Second,man,TRUE,,Southampton,no,FALSE
478,0,3,male,29.00,1,0,7.0458,S,Third,man,TRUE,,Southampton,no,FALSE
479,0,3,male,22.00,0,0,7.5208,S,Third,man,TRUE,,Southampton,no,TRUE
480,1,3,female,2.00,0,1,12.2875,S,Third,child,FALSE,,Southampton,yes,FALSE
481,0,3,male,9.00,5,2,46.9,S,Third,child,FALSE,,Southampton,no,FALSE
482,0,2,male,,0,0,0,S,Second,man,TRUE,,Southampton,no,TRUE
483,0,3,male,50.00,0,0,8.05,S,Third,man,TRUE,,Southampton,no,TRUE
484,1,3,female,63.00,0,0,9.5875,S,Third,woman,FALSE,,Southampton,yes,TRUE
485,1,1,male,25.00,1,0,91.0792,C,First,man,TRUE,B,Cherbourg,yes,FALSE
486,0,3,female,,3,1,25.4667,S,Third,woman,FALSE,,Southampton,no,FALSE
487,1,1,female,35.00,1,0,90,S,First,woman,FALSE,C,Southampton,yes,FALSE
488,0,1,male,58.00,0,0,29.7,C,First,man,TRUE,B,Cherbourg,no,TRUE
489,0,3,male,30.00,0,0,8.05,S,Third,man,TRUE,,Southampton,no,TRUE
490,1,3,male,9.00,1,1,15.9,S,Third,child,FALSE,,Southampton,yes,FALSE
491,0,3,male,,1,0,19.9667,S,Third,man,TRUE,,Southampton,no,FALSE
492,0,3,male,21.00,0,0,7.25,S,Third,man,TRUE,,Southampton,no,TRUE
493,0,1,male,55.00,0,0,30.5,S,First,man,TRUE,C,Southampton,no,TRUE
494,0,1,male,71.00,0,0,49.5042,C,First,man,TRUE,,Cherbourg,no,TRUE
495,0,3,male,21.00,0,0,8.05,S,Third,man,TRUE,,Southampton,no,TRUE
496,0,3,male,,0,0,14.4583,C,Third,man,TRUE,,Cherbourg,no,TRUE
497,1,1,female,54.00,1,0,78.2667,C,First,woman,FALSE,D,Cherbourg,yes,FALSE
498,0,3,male,,0,0,15.1,S,Third,man,TRUE,,Southampton,no,TRUE
499,0,1,female,25.00,1,2,151.55,S,First,woman,FALSE,C,Southampton,no,FALSE
500,0,3,male,24.00,0,0,7.7958,S,Third,man,TRUE,,Southampton,no,TRUE
501,0,3,male,17.00,0,0,8.6625,S,Third,man,TRUE,,Southampton,no,TRUE
502,0,3,female,21.00,0,0,7.75,Q,Third,woman,FALSE,,Queenstown,no,TRUE
503,0,3,female,,0,0,7.6292,Q,Third,woman,FALSE,,Queenstown,no,TRUE
504,0,3,female,37.00,0,0,9.5875,S,Third,woman,FALSE,,Southampton,no,TRUE
505,1,1,female,16.00,0,0,86.5,S,First,woman,FALSE,B,Southampton,yes,TRUE
506,0,1,male,18.00,1,0,108.9,C,First,man,TRUE,C,Cherbourg,no,FALSE
507,1,2,female,33.00,0,2,26,S,Second,woman,FALSE,,Southampton,yes,FALSE
508,1,1,male,,0,0,26.55,S,First,man,TRUE,,Southampton,yes,TRUE
509,0,3,male,28.00,0,0,22.525,S,Third,man,TRUE,,Southampton,no,TRUE
510,1,3,male,26.00,0,0,56.4958,S,Third,man,TRUE,,Southampton,yes,TRUE
511,1,3,male,29.00,0,0,7.75,Q,Third,man,TRUE,,Queenstown,yes,TRUE
512,0,3,male,,0,0,8.05,S,Third,man,TRUE,,Southampton,no,TRUE
513,1,1,male,36.00,0,0,26.2875,S,First,man,TRUE,E,Southampton,yes,TRUE
514,1,1,female,54.00,1,0,59.4,C,First,woman,FALSE,,Cherbourg,yes,FALSE
515,0,3,male,24.00,0,0,7.4958,S,Third,man,TRUE,,Southampton,no,TRUE
516,0,1,male,47.00,0,0,34.0208,S,First,man,TRUE,D,Southampton,no,TRUE
517,1,2,female,34.00,0,0,10.5,S,Second,woman,FALSE,F,Southampton,yes,TRUE
518,0,3,male,,0,0,24.15,Q,Third,man,TRUE,,Queenstown,no,TRUE
519,1,2,female,36.00,1,0,26,S,Second,woman,FALSE,,Southampton,yes,FALSE
520,0,3,male,32.00,0,0,7.8958,S,Third,man,TRUE,,Southampton,no,TRUE
521,1,1,female,30.00,0,0,93.5,S,First,woman,FALSE,B,Southampton,yes,TRUE
522,0,3,male,22.00,0,0,7.8958,S,Third,man,TRUE,,Southampton,no,TRUE
523,0,3,male,,0,0,7.225,C,Third,man,TRUE,,Cherbourg,no,TRUE
524,1,1,female,44.00,0,1,57.9792,C,First,woman,FALSE,B,Cherbourg,yes,FALSE
525,0,3,male,,0,0,7.2292,C,Third,man,TRUE,,Cherbourg,no,TRUE
526,0,3,male,40.50,0,0,7.75,Q,Third,man,TRUE,,Queenstown,no,TRUE
527,1,2,female,50.00,0,0,10.5,S,Second,woman,FALSE,,Southampton,yes,TRUE
528,0,1,male,,0,0,221.7792,S,First,man,TRUE,C,Southampton,no,TRUE
529,0,3,male,39.00,0,0,7.925,S,Third,man,TRUE,,Southampton,no,TRUE
530,0,2,male,23.00,2,1,11.5,S,Second,man,TRUE,,Southampton,no,FALSE
531,1,2,female,2.00,1,1,26,S,Second,child,FALSE,,Southampton,yes,FALSE
532,0,3,male,,0,0,7.2292,C,Third,man,TRUE,,Cherbourg,no,TRUE
533,0,3,male,17.00,1,1,7.2292,C,Third,man,TRUE,,Cherbourg,no,FALSE
534,1,3,female,,0,2,22.3583,C,Third,woman,FALSE,,Cherbourg,yes,FALSE
535,0,3,female,30.00,0,0,8.6625,S,Third,woman,FALSE,,Southampton,no,TRUE
536,1,2,female,7.00,0,2,26.25,S,Second,child,FALSE,,Southampton,yes,FALSE
537,0,1,male,45.00,0,0,26.55,S,First,man,TRUE,B,Southampton,no,TRUE
538,1,1,female,30.00,0,0,106.425,C,First,woman,FALSE,,Cherbourg,yes,TRUE
539,0,3,male,,0,0,14.5,S,Third,man,TRUE,,Southampton,no,TRUE
540,1,1,female,22.00,0,2,49.5,C,First,woman,FALSE,B,Cherbourg,yes,FALSE
541,1,1,female,36.00,0,2,71,S,First,woman,FALSE,B,Southampton,yes,FALSE
542,0,3,female,9.00,4,2,31.275,S,Third,child,FALSE,,Southampton,no,FALSE
543,0,3,female,11.00,4,2,31.275,S,Third,child,FALSE,,Southampton,no,FALSE
544,1,2,male,32.00,1,0,26,S,Second,man,TRUE,,Southampton,yes,FALSE
545,0,1,male,50.00,1,0,106.425,C,First,man,TRUE,C,Cherbourg,no,FALSE
546,0,1,male,64.00,0,0,26,S,First,man,TRUE,,Southampton,no,TRUE
547,1,2,female,19.00,1,0,26,S,Second,woman,FALSE,,Southampton,yes,FALSE
548,1,2,male,,0,0,13.8625,C,Second,man,TRUE,,Cherbourg,yes,TRUE
549,0,3,male,33.00,1,1,20.525,S,Third,man,TRUE,,Southampton,no,FALSE
550,1,2,male,8.00,1,1,36.75,S,Second,child,FALSE,,Southampton,yes,FALSE
551,1,1,male,17.00,0,2,110.8833,C,First,man,TRUE,C,Cherbourg,yes,FALSE
552,0,2,male,27.00,0,0,26,S,Second,man,TRUE,,Southampton,no,TRUE
553,0,3,male,,0,0,7.8292,Q,Third,man,TRUE,,Queenstown,no,TRUE
554,1,3,male,22.00,0,0,7.225,C,Third,man,TRUE,,Cherbourg,yes,TRUE
555,1,3,female,22.00,0,0,7.775,S,Third,woman,FALSE,,Southampton,yes,TRUE
556,0,1,male,62.00,0,0,26.55,S,First,man,TRUE,,Southampton,no,TRUE
557,1,1,female,48.00,1,0,39.6,C,First,woman,FALSE,A,Cherbourg,yes,FALSE
558,0,1,male,,0,0,227.525,C,First,man,TRUE,,Cherbourg,no,TRUE
559,1,1,female,39.00,1,1,79.65,S,First,woman,FALSE,E,Southampton,yes,FALSE
560,1,3,female,36.00,1,0,17.4,S,Third,woman,FALSE,,Southampton,yes,FALSE
561,0,3,male,,0,0,7.75,Q,Third,man,TRUE,,Queenstown,no,TRUE
562,0,3,male,40.00,0,0,7.8958,S,Third,man,TRUE,,Southampton,no,TRUE
563,0,2,male,28.00,0,0,13.5,S,Second,man,TRUE,,Southampton,no,TRUE
564,0,3,male,,0,0,8.05,S,Third,man,TRUE,,Southampton,no,TRUE
565,0,3,female,,0,0,8.05,S,Third,woman,FALSE,,Southampton,no,TRUE
566,0,3,male,24.00,2,0,24.15,S,Third,man,TRUE,,Southampton,no,FALSE
567,0,3,male,19.00,0,0,7.8958,S,Third,man,TRUE,,Southampton,no,TRUE
568,0,3,female,29.00,0,4,21.075,S,Third,woman,FALSE,,Southampton,no,FALSE
569,0,3,male,,0,0,7.2292,C,Third,man,TRUE,,Cherbourg,no,TRUE
570,1,3,male,32.00,0,0,7.8542,S,Third,man,TRUE,,Southampton,yes,TRUE
571,1,2,male,62.00,0,0,10.5,S,Second,man,TRUE,,Southampton,yes,TRUE
572,1,1,female,53.00,2,0,51.4792,S,First,woman,FALSE,C,Southampton,yes,FALSE
573,1,1,male,36.00,0,0,26.3875,S,First,man,TRUE,E,Southampton,yes,TRUE
574,1,3,female,,0,0,7.75,Q,Third,woman,FALSE,,Queenstown,yes,TRUE
575,0,3,male,16.00,0,0,8.05,S,Third,man,TRUE,,Southampton,no,TRUE
576,0,3,male,19.00,0,0,14.5,S,Third,man,TRUE,,Southampton,no,TRUE
577,1,2,female,34.00,0,0,13,S,Second,woman,FALSE,,Southampton,yes,TRUE
578,1,1,female,39.00,1,0,55.9,S,First,woman,FALSE,E,Southampton,yes,FALSE
579,0,3,female,,1,0,14.4583,C,Third,woman,FALSE,,Cherbourg,no,FALSE
580,1,3,male,32.00,0,0,7.925,S,Third,man,TRUE,,Southampton,yes,TRUE
581,1,2,female,25.00,1,1,30,S,Second,woman,FALSE,,Southampton,yes,FALSE
582,1,1,female,39.00,1,1,110.8833,C,First,woman,FALSE,C,Cherbourg,yes,FALSE
583,0,2,male,54.00,0,0,26,S,Second,man,TRUE,,Southampton,no,TRUE
584,0,1,male,36.00,0,0,40.125,C,First,man,TRUE,A,Cherbourg,no,TRUE
585,0,3,male,,0,0,8.7125,C,Third,man,TRUE,,Cherbourg,no,TRUE
586,1,1,female,18.00,0,2,79.65,S,First,woman,FALSE,E,Southampton,yes,FALSE
587,0,2,male,47.00,0,0,15,S,Second,man,TRUE,,Southampton,no,TRUE
588,1,1,male,60.00,1,1,79.2,C,First,man,TRUE,B,Cherbourg,yes,FALSE
589,0,3,male,22.00,0,0,8.05,S,Third,man,TRUE,,Southampton,no,TRUE
590,0,3,male,,0,0,8.05,S,Third,man,TRUE,,Southampton,no,TRUE
591,0,3,male,35.00,0,0,7.125,S,Third,man,TRUE,,Southampton,no,TRUE
592,1,1,female,52.00,1,0,78.2667,C,First,woman,FALSE,D,Cherbourg,yes,FALSE
593,0,3,male,47.00,0,0,7.25,S,Third,man,TRUE,,Southampton,no,TRUE
594,0,3,female,,0,2,7.75,Q,Third,woman,FALSE,,Queenstown,no,FALSE
595,0,2,male,37.00,1,0,26,S,Second,man,TRUE,,Southampton,no,FALSE
596,0,3,male,36.00,1,1,24.15,S,Third,man,TRUE,,Southampton,no,FALSE
597,1,2,female,,0,0,33,S,Second,woman,FALSE,,Southampton,yes,TRUE
598,0,3,male,49.00,0,0,0,S,Third,man,TRUE,,Southampton,no,TRUE
599,0,3,male,,0,0,7.225,C,Third,man,TRUE,,Cherbourg,no,TRUE
600,1,1,male,49.00,1,0,56.9292,C,First,man,TRUE,A,Cherbourg,yes,FALSE
601,1,2,female,24.00,2,1,27,S,Second,woman,FALSE,,Southampton,yes,FALSE
602,0,3,male,,0,0,7.8958,S,Third,man,TRUE,,Southampton,no,TRUE
603,0,1,male,,0,0,42.4,S,First,man,TRUE,,Southampton,no,TRUE
604,0,3,male,44.00,0,0,8.05,S,Third,man,TRUE,,Southampton,no,TRUE
605,1,1,male,35.00,0,0,26.55,C,First,man,TRUE,,Cherbourg,yes,TRUE
606,0,3,male,36.00,1,0,15.55,S,Third,man,TRUE,,Southampton,no,FALSE
607,0,3,male,30.00,0,0,7.8958,S,Third,man,TRUE,,Southampton,no,TRUE
608,1,1,male,27.00,0,0,30.5,S,First,man,TRUE,,Southampton,yes,TRUE
609,1,2,female,22.00,1,2,41.5792,C,Second,woman,FALSE,,Cherbourg,yes,FALSE
610,1,1,female,40.00,0,0,153.4625,S,First,woman,FALSE,C,Southampton,yes,TRUE
611,0,3,female,39.00,1,5,31.275,S,Third,woman,FALSE,,Southampton,no,FALSE
612,0,3,male,,0,0,7.05,S,Third,man,TRUE,,Southampton,no,TRUE
613,1,3,female,,1,0,15.5,Q,Third,woman,FALSE,,Queenstown,yes,FALSE
614,0,3,male,,0,0,7.75,Q,Third,man,TRUE,,Queenstown,no,TRUE
615,0,3,male,35.00,0,0,8.05,S,Third,man,TRUE,,Southampton,no,TRUE
616,1,2,female,24.00,1,2,65,S,Second,woman,FALSE,,Southampton,yes,FALSE
617,0,3,male,34.00,1,1,14.4,S,Third,man,TRUE,,Southampton,no,FALSE
618,0,3,female,26.00,1,0,16.1,S,Third,woman,FALSE,,Southampton,no,FALSE
619,1,2,female,4.00,2,1,39,S,Second,child,FALSE,F,Southampton,yes,FALSE
620,0,2,male,26.00,0,0,10.5,S,Second,man,TRUE,,Southampton,no,TRUE
621,0,3,male,27.00,1,0,14.4542,C,Third,man,TRUE,,Cherbourg,no,FALSE
622,1,1,male,42.00,1,0,52.5542,S,First,man,TRUE,D,Southampton,yes,FALSE
623,1,3,male,20.00,1,1,15.7417,C,Third,man,TRUE,,Cherbourg,yes,FALSE
624,0,3,male,21.00,0,0,7.8542,S,Third,man,TRUE,,Southampton,no,TRUE
625,0,3,male,21.00,0,0,16.1,S,Third,man,TRUE,,Southampton,no,TRUE
626,0,1,male,61.00,0,0,32.3208,S,First,man,TRUE,D,Southampton,no,TRUE
627,0,2,male,57.00,0,0,12.35,Q,Second,man,TRUE,,Queenstown,no,TRUE
628,1,1,female,21.00,0,0,77.9583,S,First,woman,FALSE,D,Southampton,yes,TRUE
629,0,3,male,26.00,0,0,7.8958,S,Third,man,TRUE,,Southampton,no,TRUE
630,0,3,male,,0,0,7.7333,Q,Third,man,TRUE,,Queenstown,no,TRUE
631,1,1,male,80.00,0,0,30,S,First,man,TRUE,A,Southampton,yes,TRUE
632,0,3,male,51.00,0,0,7.0542,S,Third,man,TRUE,,Southampton,no,TRUE
633,1,1,male,32.00,0,0,30.5,C,First,man,TRUE,B,Cherbourg,yes,TRUE
634,0,1,male,,0,0,0,S,First,man,TRUE,,Southampton,no,TRUE
635,0,3,female,9.00,3,2,27.9,S,Third,child,FALSE,,Southampton,no,FALSE
636,1,2,female,28.00,0,0,13,S,Second,woman,FALSE,,Southampton,yes,TRUE
637,0,3,male,32.00,0,0,7.925,S,Third,man,TRUE,,Southampton,no,TRUE
638,0,2,male,31.00,1,1,26.25,S,Second,man,TRUE,,Southampton,no,FALSE
639,0,3,female,41.00,0,5,39.6875,S,Third,woman,FALSE,,Southampton,no,FALSE
640,0,3,male,,1,0,16.1,S,Third,man,TRUE,,Southampton,no,FALSE
641,0,3,male,20.00,0,0,7.8542,S,Third,man,TRUE,,Southampton,no,TRUE
642,1,1,female,24.00,0,0,69.3,C,First,woman,FALSE,B,Cherbourg,yes,TRUE
643,0,3,female,2.00,3,2,27.9,S,Third,child,FALSE,,Southampton,no,FALSE
644,1,3,male,,0,0,56.4958,S,Third,man,TRUE,,Southampton,yes,TRUE
645,1,3,female,0.75,2,1,19.2583,C,Third,child,FALSE,,Cherbourg,yes,FALSE
646,1,1,male,48.00,1,0,76.7292,C,First,man,TRUE,D,Cherbourg,yes,FALSE
647,0,3,male,19.00,0,0,7.8958,S,Third,man,TRUE,,Southampton,no,TRUE
648,1,1,male,56.00,0,0,35.5,C,First,man,TRUE,A,Cherbourg,yes,TRUE
649,0,3,male,,0,0,7.55,S,Third,man,TRUE,,Southampton,no,TRUE
650,1,3,female,23.00,0,0,7.55,S,Third,woman,FALSE,,Southampton,yes,TRUE
651,0,3,male,,0,0,7.8958,S,Third,man,TRUE,,Southampton,no,TRUE
652,1,2,female,18.00,0,1,23,S,Second,woman,FALSE,,Southampton,yes,FALSE
653,0,3,male,21.00,0,0,8.4333,S,Third,man,TRUE,,Southampton,no,TRUE
654,1,3,female,,0,0,7.8292,Q,Third,woman,FALSE,,Queenstown,yes,TRUE
655,0,3,female,18.00,0,0,6.75,Q,Third,woman,FALSE,,Queenstown,no,TRUE
656,0,2,male,24.00,2,0,73.5,S,Second,man,TRUE,,Southampton,no,FALSE
657,0,3,male,,0,0,7.8958,S,Third,man,TRUE,,Southampton,no,TRUE
658,0,3,female,32.00,1,1,15.5,Q,Third,woman,FALSE,,Queenstown,no,FALSE
659,0,2,male,23.00,0,0,13,S,Second,man,TRUE,,Southampton,no,TRUE
660,0,1,male,58.00,0,2,113.275,C,First,man,TRUE,D,Cherbourg,no,FALSE
661,1,1,male,50.00,2,0,133.65,S,First,man,TRUE,,Southampton,yes,FALSE
662,0,3,male,40.00,0,0,7.225,C,Third,man,TRUE,,Cherbourg,no,TRUE
663,0,1,male,47.00,0,0,25.5875,S,First,man,TRUE,E,Southampton,no,TRUE
664,0,3,male,36.00,0,0,7.4958,S,Third,man,TRUE,,Southampton,no,TRUE
665,1,3,male,20.00,1,0,7.925,S,Third,man,TRUE,,Southampton,yes,FALSE
666,0,2,male,32.00,2,0,73.5,S,Second,man,TRUE,,Southampton,no,FALSE
667,0,2,male,25.00,0,0,13,S,Second,man,TRUE,,Southampton,no,TRUE
668,0,3,male,,0,0,7.775,S,Third,man,TRUE,,Southampton,no,TRUE
669,0,3,male,43.00,0,0,8.05,S,Third,man,TRUE,,Southampton,no,TRUE
670,1,1,female,,1,0,52,S,First,woman,FALSE,C,Southampton,yes,FALSE
671,1,2,female,40.00,1,1,39,S,Second,woman,FALSE,,Southampton,yes,FALSE
672,0,1,male,31.00,1,0,52,S,First,man,TRUE,B,Southampton,no,FALSE
673,0,2,male,70.00,0,0,10.5,S,Second,man,TRUE,,Southampton,no,TRUE
674,1,2,male,31.00,0,0,13,S,Second,man,TRUE,,Southampton,yes,TRUE
675,0,2,male,,0,0,0,S,Second,man,TRUE,,Southampton,no,TRUE
676,0,3,male,18.00,0,0,7.775,S,Third,man,TRUE,,Southampton,no,TRUE
677,0,3,male,24.50,0,0,8.05,S,Third,man,TRUE,,Southampton,no,TRUE
678,1,3,female,18.00,0,0,9.8417,S,Third,woman,FALSE,,Southampton,yes,TRUE
679,0,3,female,43.00,1,6,46.9,S,Third,woman,FALSE,,Southampton,no,FALSE
680,1,1,male,36.00,0,1,512.3292,C,First,man,TRUE,B,Cherbourg,yes,FALSE
681,0,3,female,,0,0,8.1375,Q,Third,woman,FALSE,,Queenstown,no,TRUE
682,1,1,male,27.00,0,0,76.7292,C,First,man,TRUE,D,Cherbourg,yes,TRUE
683,0,3,male,20.00,0,0,9.225,S,Third,man,TRUE,,Southampton,no,TRUE
684,0,3,male,14.00,5,2,46.9,S,Third,child,FALSE,,Southampton,no,FALSE
685,0,2,male,60.00,1,1,39,S,Second,man,TRUE,,Southampton,no,FALSE
686,0,2,male,25.00,1,2,41.5792,C,Second,man,TRUE,,Cherbourg,no,FALSE
687,0,3,male,14.00,4,1,39.6875,S,Third,child,FALSE,,Southampton,no,FALSE
688,0,3,male,19.00,0,0,10.1708,S,Third,man,TRUE,,Southampton,no,TRUE
689,0,3,male,18.00,0,0,7.7958,S,Third,man,TRUE,,Southampton,no,TRUE
690,1,1,female,15.00,0,1,211.3375,S,First,child,FALSE,B,Southampton,yes,FALSE
691,1,1,male,31.00,1,0,57,S,First,man,TRUE,B,Southampton,yes,FALSE
692,1,3,female,4.00,0,1,13.4167,C,Third,child,FALSE,,Cherbourg,yes,FALSE
693,1,3,male,,0,0,56.4958,S,Third,man,TRUE,,Southampton,yes,TRUE
694,0,3,male,25.00,0,0,7.225,C,Third,man,TRUE,,Cherbourg,no,TRUE
695,0,1,male,60.00,0,0,26.55,S,First,man,TRUE,,Southampton,no,TRUE
696,0,2,male,52.00,0,0,13.5,S,Second,man,TRUE,,Southampton,no,TRUE
697,0,3,male,44.00,0,0,8.05,S,Third,man,TRUE,,Southampton,no,TRUE
698,1,3,female,,0,0,7.7333,Q,Third,woman,FALSE,,Queenstown,yes,TRUE
699,0,1,male,49.00,1,1,110.8833,C,First,man,TRUE,C,Cherbourg,no,FALSE
700,0,3,male,42.00,0,0,7.65,S,Third,man,TRUE,F,Southampton,no,TRUE
701,1,1,female,18.00,1,0,227.525,C,First,woman,FALSE,C,Cherbourg,yes,FALSE
702,1,1,male,35.00,0,0,26.2875,S,First,man,TRUE,E,Southampton,yes,TRUE
703,0,3,female,18.00,0,1,14.4542,C,Third,woman,FALSE,,Cherbourg,no,FALSE
704,0,3,male,25.00,0,0,7.7417,Q,Third,man,TRUE,,Queenstown,no,TRUE
705,0,3,male,26.00,1,0,7.8542,S,Third,man,TRUE,,Southampton,no,FALSE
706,0,2,male,39.00,0,0,26,S,Second,man,TRUE,,Southampton,no,TRUE
707,1,2,female,45.00,0,0,13.5,S,Second,woman,FALSE,,Southampton,yes,TRUE
708,1,1,male,42.00,0,0,26.2875,S,First,man,TRUE,E,Southampton,yes,TRUE
709,1,1,female,22.00,0,0,151.55,S,First,woman,FALSE,,Southampton,yes,TRUE
710,1,3,male,,1,1,15.2458,C,Third,man,TRUE,,Cherbourg,yes,FALSE
711,1,1,female,24.00,0,0,49.5042,C,First,woman,FALSE,C,Cherbourg,yes,TRUE
712,0,1,male,,0,0,26.55,S,First,man,TRUE,C,Southampton,no,TRUE
713,1,1,male,48.00,1,0,52,S,First,man,TRUE,C,Southampton,yes,FALSE
714,0,3,male,29.00,0,0,9.4833,S,Third,man,TRUE,,Southampton,no,TRUE
715,0,2,male,52.00,0,0,13,S,Second,man,TRUE,,Southampton,no,TRUE
716,0,3,male,19.00,0,0,7.65,S,Third,man,TRUE,F,Southampton,no,TRUE
717,1,1,female,38.00,0,0,227.525,C,First,woman,FALSE,C,Cherbourg,yes,TRUE
718,1,2,female,27.00,0,0,10.5,S,Second,woman,FALSE,E,Southampton,yes,TRUE
719,0,3,male,,0,0,15.5,Q,Third,man,TRUE,,Queenstown,no,TRUE
720,0,3,male,33.00,0,0,7.775,S,Third,man,TRUE,,Southampton,no,TRUE
721,1,2,female,6.00,0,1,33,S,Second,child,FALSE,,Southampton,yes,FALSE
722,0,3,male,17.00,1,0,7.0542,S,Third,man,TRUE,,Southampton,no,FALSE
723,0,2,male,34.00,0,0,13,S,Second,man,TRUE,,Southampton,no,TRUE
724,0,2,male,50.00,0,0,13,S,Second,man,TRUE,,Southampton,no,TRUE
725,1,1,male,27.00,1,0,53.1,S,First,man,TRUE,E,Southampton,yes,FALSE
726,0,3,male,20.00,0,0,8.6625,S,Third,man,TRUE,,Southampton,no,TRUE
727,1,2,female,30.00,3,0,21,S,Second,woman,FALSE,,Southampton,yes,FALSE
728,1,3,female,,0,0,7.7375,Q,Third,woman,FALSE,,Queenstown,yes,TRUE
729,0,2,male,25.00,1,0,26,S,Second,man,TRUE,,Southampton,no,FALSE
730,0,3,female,25.00,1,0,7.925,S,Third,woman,FALSE,,Southampton,no,FALSE
731,1,1,female,29.00,0,0,211.3375,S,First,woman,FALSE,B,Southampton,yes,TRUE
732,0,3,male,11.00,0,0,18.7875,C,Third,child,FALSE,,Cherbourg,no,TRUE
733,0,2,male,,0,0,0,S,Second,man,TRUE,,Southampton,no,TRUE
734,0,2,male,23.00,0,0,13,S,Second,man,TRUE,,Southampton,no,TRUE
735,0,2,male,23.00,0,0,13,S,Second,man,TRUE,,Southampton,no,TRUE
736,0,3,male,28.50,0,0,16.1,S,Third,man,TRUE,,Southampton,no,TRUE
737,0,3,female,48.00,1,3,34.375,S,Third,woman,FALSE,,Southampton,no,FALSE
738,1,1,male,35.00,0,0,512.3292,C,First,man,TRUE,B,Cherbourg,yes,TRUE
739,0,3,male,,0,0,7.8958,S,Third,man,TRUE,,Southampton,no,TRUE
740,0,3,male,,0,0,7.8958,S,Third,man,TRUE,,Southampton,no,TRUE
741,1,1,male,,0,0,30,S,First,man,TRUE,D,Southampton,yes,TRUE
742,0,1,male,36.00,1,0,78.85,S,First,man,TRUE,C,Southampton,no,FALSE
743,1,1,female,21.00,2,2,262.375,C,First,woman,FALSE,B,Cherbourg,yes,FALSE
744,0,3,male,24.00,1,0,16.1,S,Third,man,TRUE,,Southampton,no,FALSE
745,1,3,male,31.00,0,0,7.925,S,Third,man,TRUE,,Southampton,yes,TRUE
746,0,1,male,70.00,1,1,71,S,First,man,TRUE,B,Southampton,no,FALSE
747,0,3,male,16.00,1,1,20.25,S,Third,man,TRUE,,Southampton,no,FALSE
748,1,2,female,30.00,0,0,13,S,Second,woman,FALSE,,Southampton,yes,TRUE
749,0,1,male,19.00,1,0,53.1,S,First,man,TRUE,D,Southampton,no,FALSE
750,0,3,male,31.00,0,0,7.75,Q,Third,man,TRUE,,Queenstown,no,TRUE
751,1,2,female,4.00,1,1,23,S,Second,child,FALSE,,Southampton,yes,FALSE
752,1,3,male,6.00,0,1,12.475,S,Third,child,FALSE,E,Southampton,yes,FALSE
753,0,3,male,33.00,0,0,9.5,S,Third,man,TRUE,,Southampton,no,TRUE
754,0,3,male,23.00,0,0,7.8958,S,Third,man,TRUE,,Southampton,no,TRUE
755,1,2,female,48.00,1,2,65,S,Second,woman,FALSE,,Southampton,yes,FALSE
756,1,2,male,0.67,1,1,14.5,S,Second,child,FALSE,,Southampton,yes,FALSE
757,0,3,male,28.00,0,0,7.7958,S,Third,man,TRUE,,Southampton,no,TRUE
758,0,2,male,18.00,0,0,11.5,S,Second,man,TRUE,,Southampton,no,TRUE
759,0,3,male,34.00,0,0,8.05,S,Third,man,TRUE,,Southampton,no,TRUE
760,1,1,female,33.00,0,0,86.5,S,First,woman,FALSE,B,Southampton,yes,TRUE
761,0,3,male,,0,0,14.5,S,Third,man,TRUE,,Southampton,no,TRUE
762,0,3,male,41.00,0,0,7.125,S,Third,man,TRUE,,Southampton,no,TRUE
763,1,3,male,20.00,0,0,7.2292,C,Third,man,TRUE,,Cherbourg,yes,TRUE
764,1,1,female,36.00,1,2,120,S,First,woman,FALSE,B,Southampton,yes,FALSE
765,0,3,male,16.00,0,0,7.775,S,Third,man,TRUE,,Southampton,no,TRUE
766,1,1,female,51.00,1,0,77.9583,S,First,woman,FALSE,D,Southampton,yes,FALSE
767,0,1,male,,0,0,39.6,C,First,man,TRUE,,Cherbourg,no,TRUE
768,0,3,female,30.50,0,0,7.75,Q,Third,woman,FALSE,,Queenstown,no,TRUE
769,0,3,male,,1,0,24.15,Q,Third,man,TRUE,,Queenstown,no,FALSE
770,0,3,male,32.00,0,0,8.3625,S,Third,man,TRUE,,Southampton,no,TRUE
771,0,3,male,24.00,0,0,9.5,S,Third,man,TRUE,,Southampton,no,TRUE
772,0,3,male,48.00,0,0,7.8542,S,Third,man,TRUE,,Southampton,no,TRUE
773,0,2,female,57.00,0,0,10.5,S,Second,woman,FALSE,E,Southampton,no,TRUE
774,0,3,male,,0,0,7.225,C,Third,man,TRUE,,Cherbourg,no,TRUE
775,1,2,female,54.00,1,3,23,S,Second,woman,FALSE,,Southampton,yes,FALSE
776,0,3,male,18.00,0,0,7.75,S,Third,man,TRUE,,Southampton,no,TRUE
777,0,3,male,,0,0,7.75,Q,Third,man,TRUE,F,Queenstown,no,TRUE
778,1,3,female,5.00,0,0,12.475,S,Third,child,FALSE,,Southampton,yes,TRUE
779,0,3,male,,0,0,7.7375,Q,Third,man,TRUE,,Queenstown,no,TRUE
780,1,1,female,43.00,0,1,211.3375,S,First,woman,FALSE,B,Southampton,yes,FALSE
781,1,3,female,13.00,0,0,7.2292,C,Third,child,FALSE,,Cherbourg,yes,TRUE
782,1,1,female,17.00,1,0,57,S,First,woman,FALSE,B,Southampton,yes,FALSE
783,0,1,male,29.00,0,0,30,S,First,man,TRUE,D,Southampton,no,TRUE
784,0,3,male,,1,2,23.45,S,Third,man,TRUE,,Southampton,no,FALSE
785,0,3,male,25.00,0,0,7.05,S,Third,man,TRUE,,Southampton,no,TRUE
786,0,3,male,25.00,0,0,7.25,S,Third,man,TRUE,,Southampton,no,TRUE
787,1,3,female,18.00,0,0,7.4958,S,Third,woman,FALSE,,Southampton,yes,TRUE
788,0,3,male,8.00,4,1,29.125,Q,Third,child,FALSE,,Queenstown,no,FALSE
789,1,3,male,1.00,1,2,20.575,S,Third,child,FALSE,,Southampton,yes,FALSE
790,0,1,male,46.00,0,0,79.2,C,First,man,TRUE,B,Cherbourg,no,TRUE
791,0,3,male,,0,0,7.75,Q,Third,man,TRUE,,Queenstown,no,TRUE
792,0,2,male,16.00,0,0,26,S,Second,man,TRUE,,Southampton,no,TRUE
793,0,3,female,,8,2,69.55,S,Third,woman,FALSE,,Southampton,no,FALSE
794,0,1,male,,0,0,30.6958,C,First,man,TRUE,,Cherbourg,no,TRUE
795,0,3,male,25.00,0,0,7.8958,S,Third,man,TRUE,,Southampton,no,TRUE
796,0,2,male,39.00,0,0,13,S,Second,man,TRUE,,Southampton,no,TRUE
797,1,1,female,49.00,0,0,25.9292,S,First,woman,FALSE,D,Southampton,yes,TRUE
798,1,3,female,31.00,0,0,8.6833,S,Third,woman,FALSE,,Southampton,yes,TRUE
799,0,3,male,30.00,0,0,7.2292,C,Third,man,TRUE,,Cherbourg,no,TRUE
800,0,3,female,30.00,1,1,24.15,S,Third,woman,FALSE,,Southampton,no,FALSE
801,0,2,male,34.00,0,0,13,S,Second,man,TRUE,,Southampton,no,TRUE
802,1,2,female,31.00,1,1,26.25,S,Second,woman,FALSE,,Southampton,yes,FALSE
803,1,1,male,11.00,1,2,120,S,First,child,FALSE,B,Southampton,yes,FALSE
804,1,3,male,0.42,0,1,8.5167,C,Third,child,FALSE,,Cherbourg,yes,FALSE
805,1,3,male,27.00,0,0,6.975,S,Third,man,TRUE,,Southampton,yes,TRUE
806,0,3,male,31.00,0,0,7.775,S,Third,man,TRUE,,Southampton,no,TRUE
807,0,1,male,39.00,0,0,0,S,First,man,TRUE,A,Southampton,no,TRUE
808,0,3,female,18.00,0,0,7.775,S,Third,woman,FALSE,,Southampton,no,TRUE
809,0,2,male,39.00,0,0,13,S,Second,man,TRUE,,Southampton,no,TRUE
810,1,1,female,33.00,1,0,53.1,S,First,woman,FALSE,E,Southampton,yes,FALSE
811,0,3,male,26.00,0,0,7.8875,S,Third,man,TRUE,,Southampton,no,TRUE
812,0,3,male,39.00,0,0,24.15,S,Third,man,TRUE,,Southampton,no,TRUE
813,0,2,male,35.00,0,0,10.5,S,Second,man,TRUE,,Southampton,no,TRUE
814,0,3,female,6.00,4,2,31.275,S,Third,child,FALSE,,Southampton,no,FALSE
815,0,3,male,30.50,0,0,8.05,S,Third,man,TRUE,,Southampton,no,TRUE
816,0,1,male,,0,0,0,S,First,man,TRUE,B,Southampton,no,TRUE
817,0,3,female,23.00,0,0,7.925,S,Third,woman,FALSE,,Southampton,no,TRUE
818,0,2,male,31.00,1,1,37.0042,C,Second,man,TRUE,,Cherbourg,no,FALSE
819,0,3,male,43.00,0,0,6.45,S,Third,man,TRUE,,Southampton,no,TRUE
820,0,3,male,10.00,3,2,27.9,S,Third,child,FALSE,,Southampton,no,FALSE
821,1,1,female,52.00,1,1,93.5,S,First,woman,FALSE,B,Southampton,yes,FALSE
822,1,3,male,27.00,0,0,8.6625,S,Third,man,TRUE,,Southampton,yes,TRUE
823,0,1,male,38.00,0,0,0,S,First,man,TRUE,,Southampton,no,TRUE
824,1,3,female,27.00,0,1,12.475,S,Third,woman,FALSE,E,Southampton,yes,FALSE
825,0,3,male,2.00,4,1,39.6875,S,Third,child,FALSE,,Southampton,no,FALSE
826,0,3,male,,0,0,6.95,Q,Third,man,TRUE,,Queenstown,no,TRUE
827,0,3,male,,0,0,56.4958,S,Third,man,TRUE,,Southampton,no,TRUE
828,1,2,male,1.00,0,2,37.0042,C,Second,child,FALSE,,Cherbourg,yes,FALSE
829,1,3,male,,0,0,7.75,Q,Third,man,TRUE,,Queenstown,yes,TRUE
830,1,1,female,62.00,0,0,80,,First,woman,FALSE,B,,yes,TRUE
831,1,3,female,15.00,1,0,14.4542,C,Third,child,FALSE,,Cherbourg,yes,FALSE
832,1,2,male,0.83,1,1,18.75,S,Second,child,FALSE,,Southampton,yes,FALSE
833,0,3,male,,0,0,7.2292,C,Third,man,TRUE,,Cherbourg,no,TRUE
834,0,3,male,23.00,0,0,7.8542,S,Third,man,TRUE,,Southampton,no,TRUE
835,0,3,male,18.00,0,0,8.3,S,Third,man,TRUE,,Southampton,no,TRUE
836,1,1,female,39.00,1,1,83.1583,C,First,woman,FALSE,E,Cherbourg,yes,FALSE
837,0,3,male,21.00,0,0,8.6625,S,Third,man,TRUE,,Southampton,no,TRUE
838,0,3,male,,0,0,8.05,S,Third,man,TRUE,,Southampton,no,TRUE
839,1,3,male,32.00,0,0,56.4958,S,Third,man,TRUE,,Southampton,yes,TRUE
840,1,1,male,,0,0,29.7,C,First,man,TRUE,C,Cherbourg,yes,TRUE
841,0,3,male,20.00,0,0,7.925,S,Third,man,TRUE,,Southampton,no,TRUE
842,0,2,male,16.00,0,0,10.5,S,Second,man,TRUE,,Southampton,no,TRUE
843,1,1,female,30.00,0,0,31,C,First,woman,FALSE,,Cherbourg,yes,TRUE
844,0,3,male,34.50,0,0,6.4375,C,Third,man,TRUE,,Cherbourg,no,TRUE
845,0,3,male,17.00,0,0,8.6625,S,Third,man,TRUE,,Southampton,no,TRUE
846,0,3,male,42.00,0,0,7.55,S,Third,man,TRUE,,Southampton,no,TRUE
847,0,3,male,,8,2,69.55,S,Third,man,TRUE,,Southampton,no,FALSE
848,0,3,male,35.00,0,0,7.8958,C,Third,man,TRUE,,Cherbourg,no,TRUE
849,0,2,male,28.00,0,1,33,S,Second,man,TRUE,,Southampton,no,FALSE
850,1,1,female,,1,0,89.1042,C,First,woman,FALSE,C,Cherbourg,yes,FALSE
851,0,3,male,4.00,4,2,31.275,S,Third,child,FALSE,,Southampton,no,FALSE
852,0,3,male,74.00,0,0,7.775,S,Third,man,TRUE,,Southampton,no,TRUE
853,0,3,female,9.00,1,1,15.2458,C,Third,child,FALSE,,Cherbourg,no,FALSE
854,1,1,female,16.00,0,1,39.4,S,First,woman,FALSE,D,Southampton,yes,FALSE
855,0,2,female,44.00,1,0,26,S,Second,woman,FALSE,,Southampton,no,FALSE
856,1,3,female,18.00,0,1,9.35,S,Third,woman,FALSE,,Southampton,yes,FALSE
857,1,1,female,45.00,1,1,164.8667,S,First,woman,FALSE,,Southampton,yes,FALSE
858,1,1,male,51.00,0,0,26.55,S,First,man,TRUE,E,Southampton,yes,TRUE
859,1,3,female,24.00,0,3,19.2583,C,Third,woman,FALSE,,Cherbourg,yes,FALSE
860,0,3,male,,0,0,7.2292,C,Third,man,TRUE,,Cherbourg,no,TRUE
861,0,3,male,41.00,2,0,14.1083,S,Third,man,TRUE,,Southampton,no,FALSE
862,0,2,male,21.00,1,0,11.5,S,Second,man,TRUE,,Southampton,no,FALSE
863,1,1,female,48.00,0,0,25.9292,S,First,woman,FALSE,D,Southampton,yes,TRUE
864,0,3,female,,8,2,69.55,S,Third,woman,FALSE,,Southampton,no,FALSE
865,0,2,male,24.00,0,0,13,S,Second,man,TRUE,,Southampton,no,TRUE
866,1,2,female,42.00,0,0,13,S,Second,woman,FALSE,,Southampton,yes,TRUE
867,1,2,female,27.00,1,0,13.8583,C,Second,woman,FALSE,,Cherbourg,yes,FALSE
868,0,1,male,31.00,0,0,50.4958,S,First,man,TRUE,A,Southampton,no,TRUE
869,0,3,male,,0,0,9.5,S,Third,man,TRUE,,Southampton,no,TRUE
870,1,3,male,4.00,1,1,11.1333,S,Third,child,FALSE,,Southampton,yes,FALSE
871,0,3,male,26.00,0,0,7.8958,S,Third,man,TRUE,,Southampton,no,TRUE
872,1,1,female,47.00,1,1,52.5542,S,First,woman,FALSE,D,Southampton,yes,FALSE
873,0,1,male,33.00,0,0,5,S,First,man,TRUE,B,Southampton,no,TRUE
874,0,3,male,47.00,0,0,9,S,Third,man,TRUE,,Southampton,no,TRUE
875,1,2,female,28.00,1,0,24,C,Second,woman,FALSE,,Cherbourg,yes,FALSE
876,1,3,female,15.00,0,0,7.225,C,Third,child,FALSE,,Cherbourg,yes,TRUE
877,0,3,male,20.00,0,0,9.8458,S,Third,man,TRUE,,Southampton,no,TRUE
878,0,3,male,19.00,0,0,7.8958,S,Third,man,TRUE,,Southampton,no,TRUE
879,0,3,male,,0,0,7.8958,S,Third,man,TRUE,,Southampton,no,TRUE
880,1,1,female,56.00,0,1,83.1583,C,First,woman,FALSE,C,Cherbourg,yes,FALSE
881,1,2,female,25.00,0,1,26,S,Second,woman,FALSE,,Southampton,yes,FALSE
882,0,3,male,33.00,0,0,7.8958,S,Third,man,TRUE,,Southampton,no,TRUE
883,0,3,female,22.00,0,0,10.5167,S,Third,woman,FALSE,,Southampton,no,TRUE
884,0,2,male,28.00,0,0,10.5,S,Second,man,TRUE,,Southampton,no,TRUE
885,0,3,male,25.00,0,0,7.05,S,Third,man,TRUE,,Southampton,no,TRUE
886,0,3,female,39.00,0,5,29.125,Q,Third,woman,FALSE,,Queenstown,no,FALSE
887,0,2,male,27.00,0,0,13,S,Second,man,TRUE,,Southampton,no,TRUE
888,1,1,female,19.00,0,0,30,S,First,woman,FALSE,B,Southampton,yes,TRUE
889,0,3,female,,1,2,23.45,S,Third,woman,FALSE,,Southampton,no,FALSE
890,1,1,male,26.00,0,0,30,C,First,man,TRUE,C,Cherbourg,yes,TRUE
891,0,3,male,32.00,0,0,7.75,Q,Third,man,TRUE,,Queenstown,no,TRUE